src,tgt
aaaa,bbbb
aaab,bbbc
aaac,bbba
aaag,bbbb
aaa0,bbb0
aaa1,bbb0
aaa3,bbb0
aaa4,bbb0
aaba,bbcb
aabb,bbcc
aabc,bbca
aabg,bbcb
aab0,bbc0
aab1,bbc0
aab3,bbc0
aab4,bbc0
aaca,bbab
aacb,bbac
aacc,bbaa
aacg,bbab
aac0,bba0
aac1,bba0
aac3,bba0
aac4,bba0
aaga,bbbb
aagb,bbbc
aagc,bbba
aagg,bbbb
aag0,bbb0
aag1,bbb0
aag3,bbb0
aag4,bbb0
aa0a,bb0b
aa0b,bb0c
aa0c,bb0a
aa0g,bb0b
aa00,bb00
aa01,bb00
aa03,bb00
aa04,bb00
aa1a,bb0b
aa1b,bb0c
aa1c,bb0a
aa1g,bb0b
aa10,bb00
aa11,bb00
aa13,bb00
aa14,bb00
aa3a,bb0b
aa3b,bb0c
aa3c,bb0a
aa3g,bb0b
aa30,bb00
aa31,bb00
aa33,bb00
aa34,bb00
aa4a,bb0b
aa4b,bb0c
aa4c,bb0a
aa4g,bb0b
aa40,bb00
aa41,bb00
aa43,bb00
aa44,bb00
abaa,bcbb
abab,bcbc
abac,bcba
abag,bcbb
aba0,bcb0
aba1,bcb0
aba3,bcb0
aba4,bcb0
abba,bccb
abbb,bccc
abbc,bcca
abbg,bccb
abb0,bcc0
abb1,bcc0
abb3,bcc0
abb4,bcc0
abca,bcab
abcb,bcac
abcc,bcaa
abcg,bcab
abc0,bca0
abc1,bca0
abc3,bca0
abc4,bca0
abga,bcbb
abgb,bcbc
abgc,bcba
abgg,bcbb
abg0,bcb0
abg1,bcb0
abg3,bcb0
abg4,bcb0
ab0a,bc0b
ab0b,bc0c
ab0c,bc0a
ab0g,bc0b
ab00,bc00
ab01,bc00
ab03,bc00
ab04,bc00
ab1a,bc0b
ab1b,bc0c
ab1c,bc0a
ab1g,bc0b
ab10,bc00
ab11,bc00
ab13,bc00
ab14,bc00
ab3a,bc0b
ab3b,bc0c
ab3c,bc0a
ab3g,bc0b
ab30,bc00
ab31,bc00
ab33,bc00
ab34,bc00
ab4a,bc0b
ab4b,bc0c
ab4c,bc0a
ab4g,bc0b
ab40,bc00
ab41,bc00
ab43,bc00
ab44,bc00
acaa,babb
acab,babc
acac,baba
acag,babb
aca0,bab0
aca1,bab0
aca3,bab0
aca4,bab0
acba,bacb
acbb,bacc
acbc,baca
acbg,bacb
acb0,bac0
acb1,bac0
acb3,bac0
acb4,bac0
acca,baab
accb,baac
accc,baaa
accg,baab
acc0,baa0
acc1,baa0
acc3,baa0
acc4,baa0
acga,babb
acgb,babc
acgc,baba
acgg,babb
acg0,bab0
acg1,bab0
acg3,bab0
acg4,bab0
ac0a,ba0b
ac0b,ba0c
ac0c,ba0a
ac0g,ba0b
ac00,ba00
ac01,ba00
ac03,ba00
ac04,ba00
ac1a,ba0b
ac1b,ba0c
ac1c,ba0a
ac1g,ba0b
ac10,ba00
ac11,ba00
ac13,ba00
ac14,ba00
ac3a,ba0b
ac3b,ba0c
ac3c,ba0a
ac3g,ba0b
ac30,ba00
ac31,ba00
ac33,ba00
ac34,ba00
ac4a,ba0b
ac4b,ba0c
ac4c,ba0a
ac4g,ba0b
ac40,ba00
ac41,ba00
ac43,ba00
ac44,ba00
agaa,bbbb
agab,bbbc
agac,bbba
agag,bbbb
aga0,bbb0
aga1,bbb0
aga3,bbb0
aga4,bbb0
agba,bbcb
agbb,bbcc
agbc,bbca
agbg,bbcb
agb0,bbc0
agb1,bbc0
agb3,bbc0
agb4,bbc0
agca,bbab
agcb,bbac
agcc,bbaa
agcg,bbab
agc0,bba0
agc1,bba0
agc3,bba0
agc4,bba0
agga,bbbb
aggb,bbbc
aggc,bbba
aggg,bbbb
agg0,bbb0
agg1,bbb0
agg3,bbb0
agg4,bbb0
ag0a,bb0b
ag0b,bb0c
ag0c,bb0a
ag0g,bb0b
ag00,bb00
ag01,bb00
ag03,bb00
ag04,bb00
ag1a,bb0b
ag1b,bb0c
ag1c,bb0a
ag1g,bb0b
ag10,bb00
ag11,bb00
ag13,bb00
ag14,bb00
ag3a,bb0b
ag3b,bb0c
ag3c,bb0a
ag3g,bb0b
ag30,bb00
ag31,bb00
ag33,bb00
ag34,bb00
ag4a,bb0b
ag4b,bb0c
ag4c,bb0a
ag4g,bb0b
ag40,bb00
ag41,bb00
ag43,bb00
ag44,bb00
a0aa,b0bb
a0ab,b0bc
a0ac,b0ba
a0ag,b0bb
a0a0,b0b0
a0a1,b0b0
a0a3,b0b0
a0a4,b0b0
a0ba,b0cb
a0bb,b0cc
a0bc,b0ca
a0bg,b0cb
a0b0,b0c0
a0b1,b0c0
a0b3,b0c0
a0b4,b0c0
a0ca,b0ab
a0cb,b0ac
a0cc,b0aa
a0cg,b0ab
a0c0,b0a0
a0c1,b0a0
a0c3,b0a0
a0c4,b0a0
a0ga,b0bb
a0gb,b0bc
a0gc,b0ba
a0gg,b0bb
a0g0,b0b0
a0g1,b0b0
a0g3,b0b0
a0g4,b0b0
a00a,b00b
a00b,b00c
a00c,b00a
a00g,b00b
a000,b000
a001,b000
a003,b000
a004,b000
a01a,b00b
a01b,b00c
a01c,b00a
a01g,b00b
a010,b000
a011,b000
a013,b000
a014,b000
a03a,b00b
a03b,b00c
a03c,b00a
a03g,b00b
a030,b000
a031,b000
a033,b000
a034,b000
a04a,b00b
a04b,b00c
a04c,b00a
a04g,b00b
a040,b000
a041,b000
a043,b000
a044,b000
a1aa,b0bb
a1ab,b0bc
a1ac,b0ba
a1ag,b0bb
a1a0,b0b0
a1a1,b0b0
a1a3,b0b0
a1a4,b0b0
a1ba,b0cb
a1bb,b0cc
a1bc,b0ca
a1bg,b0cb
a1b0,b0c0
a1b1,b0c0
a1b3,b0c0
a1b4,b0c0
a1ca,b0ab
a1cb,b0ac
a1cc,b0aa
a1cg,b0ab
a1c0,b0a0
a1c1,b0a0
a1c3,b0a0
a1c4,b0a0
a1ga,b0bb
a1gb,b0bc
a1gc,b0ba
a1gg,b0bb
a1g0,b0b0
a1g1,b0b0
a1g3,b0b0
a1g4,b0b0
a10a,b00b
a10b,b00c
a10c,b00a
a10g,b00b
a100,b000
a101,b000
a103,b000
a104,b000
a11a,b00b
a11b,b00c
a11c,b00a
a11g,b00b
a110,b000
a111,b000
a113,b000
a114,b000
a13a,b00b
a13b,b00c
a13c,b00a
a13g,b00b
a130,b000
a131,b000
a133,b000
a134,b000
a14a,b00b
a14b,b00c
a14c,b00a
a14g,b00b
a140,b000
a141,b000
a143,b000
a144,b000
a3aa,b0bb
a3ab,b0bc
a3ac,b0ba
a3ag,b0bb
a3a0,b0b0
a3a1,b0b0
a3a3,b0b0
a3a4,b0b0
a3ba,b0cb
a3bb,b0cc
a3bc,b0ca
a3bg,b0cb
a3b0,b0c0
a3b1,b0c0
a3b3,b0c0
a3b4,b0c0
a3ca,b0ab
a3cb,b0ac
a3cc,b0aa
a3cg,b0ab
a3c0,b0a0
a3c1,b0a0
a3c3,b0a0
a3c4,b0a0
a3ga,b0bb
a3gb,b0bc
a3gc,b0ba
a3gg,b0bb
a3g0,b0b0
a3g1,b0b0
a3g3,b0b0
a3g4,b0b0
a30a,b00b
a30b,b00c
a30c,b00a
a30g,b00b
a300,b000
a301,b000
a303,b000
a304,b000
a31a,b00b
a31b,b00c
a31c,b00a
a31g,b00b
a310,b000
a311,b000
a313,b000
a314,b000
a33a,b00b
a33b,b00c
a33c,b00a
a33g,b00b
a330,b000
a331,b000
a333,b000
a334,b000
a34a,b00b
a34b,b00c
a34c,b00a
a34g,b00b
a340,b000
a341,b000
a343,b000
a344,b000
a4aa,b0bb
a4ab,b0bc
a4ac,b0ba
a4ag,b0bb
a4a0,b0b0
a4a1,b0b0
a4a3,b0b0
a4a4,b0b0
a4ba,b0cb
a4bb,b0cc
a4bc,b0ca
a4bg,b0cb
a4b0,b0c0
a4b1,b0c0
a4b3,b0c0
a4b4,b0c0
a4ca,b0ab
a4cb,b0ac
a4cc,b0aa
a4cg,b0ab
a4c0,b0a0
a4c1,b0a0
a4c3,b0a0
a4c4,b0a0
a4ga,b0bb
a4gb,b0bc
a4gc,b0ba
a4gg,b0bb
a4g0,b0b0
a4g1,b0b0
a4g3,b0b0
a4g4,b0b0
a40a,b00b
a40b,b00c
a40c,b00a
a40g,b00b
a400,b000
a401,b000
a403,b000
a404,b000
a41a,b00b
a41b,b00c
a41c,b00a
a41g,b00b
a410,b000
a411,b000
a413,b000
a414,b000
a43a,b00b
a43b,b00c
a43c,b00a
a43g,b00b
a430,b000
a431,b000
a433,b000
a434,b000
a44a,b00b
a44b,b00c
a44c,b00a
a44g,b00b
a440,b000
a441,b000
a443,b000
a444,b000
baaa,cbbb
baab,cbbc
baac,cbba
baag,cbbb
baa0,cbb0
baa1,cbb0
baa3,cbb0
baa4,cbb0
baba,cbcb
babb,cbcc
babc,cbca
babg,cbcb
bab0,cbc0
bab1,cbc0
bab3,cbc0
bab4,cbc0
baca,cbab
bacb,cbac
bacc,cbaa
bacg,cbab
bac0,cba0
bac1,cba0
bac3,cba0
bac4,cba0
baga,cbbb
bagb,cbbc
bagc,cbba
bagg,cbbb
bag0,cbb0
bag1,cbb0
bag3,cbb0
bag4,cbb0
ba0a,cb0b
ba0b,cb0c
ba0c,cb0a
ba0g,cb0b
ba00,cb00
ba01,cb00
ba03,cb00
ba04,cb00
ba1a,cb0b
ba1b,cb0c
ba1c,cb0a
ba1g,cb0b
ba10,cb00
ba11,cb00
ba13,cb00
ba14,cb00
ba3a,cb0b
ba3b,cb0c
ba3c,cb0a
ba3g,cb0b
ba30,cb00
ba31,cb00
ba33,cb00
ba34,cb00
ba4a,cb0b
ba4b,cb0c
ba4c,cb0a
ba4g,cb0b
ba40,cb00
ba41,cb00
ba43,cb00
ba44,cb00
bbaa,ccbb
bbab,ccbc
bbac,ccba
bbag,ccbb
bba0,ccb0
bba1,ccb0
bba3,ccb0
bba4,ccb0
bbba,cccb
bbbb,cccc
bbbc,ccca
bbbg,cccb
bbb0,ccc0
bbb1,ccc0
bbb3,ccc0
bbb4,ccc0
bbca,ccab
bbcb,ccac
bbcc,ccaa
bbcg,ccab
bbc0,cca0
bbc1,cca0
bbc3,cca0
bbc4,cca0
bbga,ccbb
bbgb,ccbc
bbgc,ccba
bbgg,ccbb
bbg0,ccb0
bbg1,ccb0
bbg3,ccb0
bbg4,ccb0
bb0a,cc0b
bb0b,cc0c
bb0c,cc0a
bb0g,cc0b
bb00,cc00
bb01,cc00
bb03,cc00
bb04,cc00
bb1a,cc0b
bb1b,cc0c
bb1c,cc0a
bb1g,cc0b
bb10,cc00
bb11,cc00
bb13,cc00
bb14,cc00
bb3a,cc0b
bb3b,cc0c
bb3c,cc0a
bb3g,cc0b
bb30,cc00
bb31,cc00
bb33,cc00
bb34,cc00
bb4a,cc0b
bb4b,cc0c
bb4c,cc0a
bb4g,cc0b
bb40,cc00
bb41,cc00
bb43,cc00
bb44,cc00
bcaa,cabb
bcab,cabc
bcac,caba
bcag,cabb
bca0,cab0
bca1,cab0
bca3,cab0
bca4,cab0
bcba,cacb
bcbb,cacc
bcbc,caca
bcbg,cacb
bcb0,cac0
bcb1,cac0
bcb3,cac0
bcb4,cac0
bcca,caab
bccb,caac
bccc,caaa
bccg,caab
bcc0,caa0
bcc1,caa0
bcc3,caa0
bcc4,caa0
bcga,cabb
bcgb,cabc
bcgc,caba
bcgg,cabb
bcg0,cab0
bcg1,cab0
bcg3,cab0
bcg4,cab0
bc0a,ca0b
bc0b,ca0c
bc0c,ca0a
bc0g,ca0b
bc00,ca00
bc01,ca00
bc03,ca00
bc04,ca00
bc1a,ca0b
bc1b,ca0c
bc1c,ca0a
bc1g,ca0b
bc10,ca00
bc11,ca00
bc13,ca00
bc14,ca00
bc3a,ca0b
bc3b,ca0c
bc3c,ca0a
bc3g,ca0b
bc30,ca00
bc31,ca00
bc33,ca00
bc34,ca00
bc4a,ca0b
bc4b,ca0c
bc4c,ca0a
bc4g,ca0b
bc40,ca00
bc41,ca00
bc43,ca00
bc44,ca00
bgaa,cbbb
bgab,cbbc
bgac,cbba
bgag,cbbb
bga0,cbb0
bga1,cbb0
bga3,cbb0
bga4,cbb0
bgba,cbcb
bgbb,cbcc
bgbc,cbca
bgbg,cbcb
bgb0,cbc0
bgb1,cbc0
bgb3,cbc0
bgb4,cbc0
bgca,cbab
bgcb,cbac
bgcc,cbaa
bgcg,cbab
bgc0,cba0
bgc1,cba0
bgc3,cba0
bgc4,cba0
bgga,cbbb
bggb,cbbc
bggc,cbba
bggg,cbbb
bgg0,cbb0
bgg1,cbb0
bgg3,cbb0
bgg4,cbb0
bg0a,cb0b
bg0b,cb0c
bg0c,cb0a
bg0g,cb0b
bg00,cb00
bg01,cb00
bg03,cb00
bg04,cb00
bg1a,cb0b
bg1b,cb0c
bg1c,cb0a
bg1g,cb0b
bg10,cb00
bg11,cb00
bg13,cb00
bg14,cb00
bg3a,cb0b
bg3b,cb0c
bg3c,cb0a
bg3g,cb0b
bg30,cb00
bg31,cb00
bg33,cb00
bg34,cb00
bg4a,cb0b
bg4b,cb0c
bg4c,cb0a
bg4g,cb0b
bg40,cb00
bg41,cb00
bg43,cb00
bg44,cb00
b0aa,c0bb
b0ab,c0bc
b0ac,c0ba
b0ag,c0bb
b0a0,c0b0
b0a1,c0b0
b0a3,c0b0
b0a4,c0b0
b0ba,c0cb
b0bb,c0cc
b0bc,c0ca
b0bg,c0cb
b0b0,c0c0
b0b1,c0c0
b0b3,c0c0
b0b4,c0c0
b0ca,c0ab
b0cb,c0ac
b0cc,c0aa
b0cg,c0ab
b0c0,c0a0
b0c1,c0a0
b0c3,c0a0
b0c4,c0a0
b0ga,c0bb
b0gb,c0bc
b0gc,c0ba
b0gg,c0bb
b0g0,c0b0
b0g1,c0b0
b0g3,c0b0
b0g4,c0b0
b00a,c00b
b00b,c00c
b00c,c00a
b00g,c00b
b000,c000
b001,c000
b003,c000
b004,c000
b01a,c00b
b01b,c00c
b01c,c00a
b01g,c00b
b010,c000
b011,c000
b013,c000
b014,c000
b03a,c00b
b03b,c00c
b03c,c00a
b03g,c00b
b030,c000
b031,c000
b033,c000
b034,c000
b04a,c00b
b04b,c00c
b04c,c00a
b04g,c00b
b040,c000
b041,c000
b043,c000
b044,c000
b1aa,c0bb
b1ab,c0bc
b1ac,c0ba
b1ag,c0bb
b1a0,c0b0
b1a1,c0b0
b1a3,c0b0
b1a4,c0b0
b1ba,c0cb
b1bb,c0cc
b1bc,c0ca
b1bg,c0cb
b1b0,c0c0
b1b1,c0c0
b1b3,c0c0
b1b4,c0c0
b1ca,c0ab
b1cb,c0ac
b1cc,c0aa
b1cg,c0ab
b1c0,c0a0
b1c1,c0a0
b1c3,c0a0
b1c4,c0a0
b1ga,c0bb
b1gb,c0bc
b1gc,c0ba
b1gg,c0bb
b1g0,c0b0
b1g1,c0b0
b1g3,c0b0
b1g4,c0b0
b10a,c00b
b10b,c00c
b10c,c00a
b10g,c00b
b100,c000
b101,c000
b103,c000
b104,c000
b11a,c00b
b11b,c00c
b11c,c00a
b11g,c00b
b110,c000
b111,c000
b113,c000
b114,c000
b13a,c00b
b13b,c00c
b13c,c00a
b13g,c00b
b130,c000
b131,c000
b133,c000
b134,c000
b14a,c00b
b14b,c00c
b14c,c00a
b14g,c00b
b140,c000
b141,c000
b143,c000
b144,c000
b3aa,c0bb
b3ab,c0bc
b3ac,c0ba
b3ag,c0bb
b3a0,c0b0
b3a1,c0b0
b3a3,c0b0
b3a4,c0b0
b3ba,c0cb
b3bb,c0cc
b3bc,c0ca
b3bg,c0cb
b3b0,c0c0
b3b1,c0c0
b3b3,c0c0
b3b4,c0c0
b3ca,c0ab
b3cb,c0ac
b3cc,c0aa
b3cg,c0ab
b3c0,c0a0
b3c1,c0a0
b3c3,c0a0
b3c4,c0a0
b3ga,c0bb
b3gb,c0bc
b3gc,c0ba
b3gg,c0bb
b3g0,c0b0
b3g1,c0b0
b3g3,c0b0
b3g4,c0b0
b30a,c00b
b30b,c00c
b30c,c00a
b30g,c00b
b300,c000
b301,c000
b303,c000
b304,c000
b31a,c00b
b31b,c00c
b31c,c00a
b31g,c00b
b310,c000
b311,c000
b313,c000
b314,c000
b33a,c00b
b33b,c00c
b33c,c00a
b33g,c00b
b330,c000
b331,c000
b333,c000
b334,c000
b34a,c00b
b34b,c00c
b34c,c00a
b34g,c00b
b340,c000
b341,c000
b343,c000
b344,c000
b4aa,c0bb
b4ab,c0bc
b4ac,c0ba
b4ag,c0bb
b4a0,c0b0
b4a1,c0b0
b4a3,c0b0
b4a4,c0b0
b4ba,c0cb
b4bb,c0cc
b4bc,c0ca
b4bg,c0cb
b4b0,c0c0
b4b1,c0c0
b4b3,c0c0
b4b4,c0c0
b4ca,c0ab
b4cb,c0ac
b4cc,c0aa
b4cg,c0ab
b4c0,c0a0
b4c1,c0a0
b4c3,c0a0
b4c4,c0a0
b4ga,c0bb
b4gb,c0bc
b4gc,c0ba
b4gg,c0bb
b4g0,c0b0
b4g1,c0b0
b4g3,c0b0
b4g4,c0b0
b40a,c00b
b40b,c00c
b40c,c00a
b40g,c00b
b400,c000
b401,c000
b403,c000
b404,c000
b41a,c00b
b41b,c00c
b41c,c00a
b41g,c00b
b410,c000
b411,c000
b413,c000
b414,c000
b43a,c00b
b43b,c00c
b43c,c00a
b43g,c00b
b430,c000
b431,c000
b433,c000
b434,c000
b44a,c00b
b44b,c00c
b44c,c00a
b44g,c00b
b440,c000
b441,c000
b443,c000
b444,c000
caaa,abbb
caab,abbc
caac,abba
caag,abbb
caa0,abb0
caa1,abb0
caa3,abb0
caa4,abb0
caba,abcb
cabb,abcc
cabc,abca
cabg,abcb
cab0,abc0
cab1,abc0
cab3,abc0
cab4,abc0
caca,abab
cacb,abac
cacc,abaa
cacg,abab
cac0,aba0
cac1,aba0
cac3,aba0
cac4,aba0
caga,abbb
cagb,abbc
cagc,abba
cagg,abbb
cag0,abb0
cag1,abb0
cag3,abb0
cag4,abb0
ca0a,ab0b
ca0b,ab0c
ca0c,ab0a
ca0g,ab0b
ca00,ab00
ca01,ab00
ca03,ab00
ca04,ab00
ca1a,ab0b
ca1b,ab0c
ca1c,ab0a
ca1g,ab0b
ca10,ab00
ca11,ab00
ca13,ab00
ca14,ab00
ca3a,ab0b
ca3b,ab0c
ca3c,ab0a
ca3g,ab0b
ca30,ab00
ca31,ab00
ca33,ab00
ca34,ab00
ca4a,ab0b
ca4b,ab0c
ca4c,ab0a
ca4g,ab0b
ca40,ab00
ca41,ab00
ca43,ab00
ca44,ab00
cbaa,acbb
cbab,acbc
cbac,acba
cbag,acbb
cba0,acb0
cba1,acb0
cba3,acb0
cba4,acb0
cbba,accb
cbbb,accc
cbbc,acca
cbbg,accb
cbb0,acc0
cbb1,acc0
cbb3,acc0
cbb4,acc0
cbca,acab
cbcb,acac
cbcc,acaa
cbcg,acab
cbc0,aca0
cbc1,aca0
cbc3,aca0
cbc4,aca0
cbga,acbb
cbgb,acbc
cbgc,acba
cbgg,acbb
cbg0,acb0
cbg1,acb0
cbg3,acb0
cbg4,acb0
cb0a,ac0b
cb0b,ac0c
cb0c,ac0a
cb0g,ac0b
cb00,ac00
cb01,ac00
cb03,ac00
cb04,ac00
cb1a,ac0b
cb1b,ac0c
cb1c,ac0a
cb1g,ac0b
cb10,ac00
cb11,ac00
cb13,ac00
cb14,ac00
cb3a,ac0b
cb3b,ac0c
cb3c,ac0a
cb3g,ac0b
cb30,ac00
cb31,ac00
cb33,ac00
cb34,ac00
cb4a,ac0b
cb4b,ac0c
cb4c,ac0a
cb4g,ac0b
cb40,ac00
cb41,ac00
cb43,ac00
cb44,ac00
ccaa,aabb
ccab,aabc
ccac,aaba
ccag,aabb
cca0,aab0
cca1,aab0
cca3,aab0
cca4,aab0
ccba,aacb
ccbb,aacc
ccbc,aaca
ccbg,aacb
ccb0,aac0
ccb1,aac0
ccb3,aac0
ccb4,aac0
ccca,aaab
cccb,aaac
cccc,aaaa
cccg,aaab
ccc0,aaa0
ccc1,aaa0
ccc3,aaa0
ccc4,aaa0
ccga,aabb
ccgb,aabc
ccgc,aaba
ccgg,aabb
ccg0,aab0
ccg1,aab0
ccg3,aab0
ccg4,aab0
cc0a,aa0b
cc0b,aa0c
cc0c,aa0a
cc0g,aa0b
cc00,aa00
cc01,aa00
cc03,aa00
cc04,aa00
cc1a,aa0b
cc1b,aa0c
cc1c,aa0a
cc1g,aa0b
cc10,aa00
cc11,aa00
cc13,aa00
cc14,aa00
cc3a,aa0b
cc3b,aa0c
cc3c,aa0a
cc3g,aa0b
cc30,aa00
cc31,aa00
cc33,aa00
cc34,aa00
cc4a,aa0b
cc4b,aa0c
cc4c,aa0a
cc4g,aa0b
cc40,aa00
cc41,aa00
cc43,aa00
cc44,aa00
cgaa,abbb
cgab,abbc
cgac,abba
cgag,abbb
cga0,abb0
cga1,abb0
cga3,abb0
cga4,abb0
cgba,abcb
cgbb,abcc
cgbc,abca
cgbg,abcb
cgb0,abc0
cgb1,abc0
cgb3,abc0
cgb4,abc0
cgca,abab
cgcb,abac
cgcc,abaa
cgcg,abab
cgc0,aba0
cgc1,aba0
cgc3,aba0
cgc4,aba0
cgga,abbb
cggb,abbc
cggc,abba
cggg,abbb
cgg0,abb0
cgg1,abb0
cgg3,abb0
cgg4,abb0
cg0a,ab0b
cg0b,ab0c
cg0c,ab0a
cg0g,ab0b
cg00,ab00
cg01,ab00
cg03,ab00
cg04,ab00
cg1a,ab0b
cg1b,ab0c
cg1c,ab0a
cg1g,ab0b
cg10,ab00
cg11,ab00
cg13,ab00
cg14,ab00
cg3a,ab0b
cg3b,ab0c
cg3c,ab0a
cg3g,ab0b
cg30,ab00
cg31,ab00
cg33,ab00
cg34,ab00
cg4a,ab0b
cg4b,ab0c
cg4c,ab0a
cg4g,ab0b
cg40,ab00
cg41,ab00
cg43,ab00
cg44,ab00
c0aa,a0bb
c0ab,a0bc
c0ac,a0ba
c0ag,a0bb
c0a0,a0b0
c0a1,a0b0
c0a3,a0b0
c0a4,a0b0
c0ba,a0cb
c0bb,a0cc
c0bc,a0ca
c0bg,a0cb
c0b0,a0c0
c0b1,a0c0
c0b3,a0c0
c0b4,a0c0
c0ca,a0ab
c0cb,a0ac
c0cc,a0aa
c0cg,a0ab
c0c0,a0a0
c0c1,a0a0
c0c3,a0a0
c0c4,a0a0
c0ga,a0bb
c0gb,a0bc
c0gc,a0ba
c0gg,a0bb
c0g0,a0b0
c0g1,a0b0
c0g3,a0b0
c0g4,a0b0
c00a,a00b
c00b,a00c
c00c,a00a
c00g,a00b
c000,a000
c001,a000
c003,a000
c004,a000
c01a,a00b
c01b,a00c
c01c,a00a
c01g,a00b
c010,a000
c011,a000
c013,a000
c014,a000
c03a,a00b
c03b,a00c
c03c,a00a
c03g,a00b
c030,a000
c031,a000
c033,a000
c034,a000
c04a,a00b
c04b,a00c
c04c,a00a
c04g,a00b
c040,a000
c041,a000
c043,a000
c044,a000
c1aa,a0bb
c1ab,a0bc
c1ac,a0ba
c1ag,a0bb
c1a0,a0b0
c1a1,a0b0
c1a3,a0b0
c1a4,a0b0
c1ba,a0cb
c1bb,a0cc
c1bc,a0ca
c1bg,a0cb
c1b0,a0c0
c1b1,a0c0
c1b3,a0c0
c1b4,a0c0
c1ca,a0ab
c1cb,a0ac
c1cc,a0aa
c1cg,a0ab
c1c0,a0a0
c1c1,a0a0
c1c3,a0a0
c1c4,a0a0
c1ga,a0bb
c1gb,a0bc
c1gc,a0ba
c1gg,a0bb
c1g0,a0b0
c1g1,a0b0
c1g3,a0b0
c1g4,a0b0
c10a,a00b
c10b,a00c
c10c,a00a
c10g,a00b
c100,a000
c101,a000
c103,a000
c104,a000
c11a,a00b
c11b,a00c
c11c,a00a
c11g,a00b
c110,a000
c111,a000
c113,a000
c114,a000
c13a,a00b
c13b,a00c
c13c,a00a
c13g,a00b
c130,a000
c131,a000
c133,a000
c134,a000
c14a,a00b
c14b,a00c
c14c,a00a
c14g,a00b
c140,a000
c141,a000
c143,a000
c144,a000
c3aa,a0bb
c3ab,a0bc
c3ac,a0ba
c3ag,a0bb
c3a0,a0b0
c3a1,a0b0
c3a3,a0b0
c3a4,a0b0
c3ba,a0cb
c3bb,a0cc
c3bc,a0ca
c3bg,a0cb
c3b0,a0c0
c3b1,a0c0
c3b3,a0c0
c3b4,a0c0
c3ca,a0ab
c3cb,a0ac
c3cc,a0aa
c3cg,a0ab
c3c0,a0a0
c3c1,a0a0
c3c3,a0a0
c3c4,a0a0
c3ga,a0bb
c3gb,a0bc
c3gc,a0ba
c3gg,a0bb
c3g0,a0b0
c3g1,a0b0
c3g3,a0b0
c3g4,a0b0
c30a,a00b
c30b,a00c
c30c,a00a
c30g,a00b
c300,a000
c301,a000
c303,a000
c304,a000
c31a,a00b
c31b,a00c
c31c,a00a
c31g,a00b
c310,a000
c311,a000
c313,a000
c314,a000
c33a,a00b
c33b,a00c
c33c,a00a
c33g,a00b
c330,a000
c331,a000
c333,a000
c334,a000
c34a,a00b
c34b,a00c
c34c,a00a
c34g,a00b
c340,a000
c341,a000
c343,a000
c344,a000
c4aa,a0bb
c4ab,a0bc
c4ac,a0ba
c4ag,a0bb
c4a0,a0b0
c4a1,a0b0
c4a3,a0b0
c4a4,a0b0
c4ba,a0cb
c4bb,a0cc
c4bc,a0ca
c4bg,a0cb
c4b0,a0c0
c4b1,a0c0
c4b3,a0c0
c4b4,a0c0
c4ca,a0ab
c4cb,a0ac
c4cc,a0aa
c4cg,a0ab
c4c0,a0a0
c4c1,a0a0
c4c3,a0a0
c4c4,a0a0
c4ga,a0bb
c4gb,a0bc
c4gc,a0ba
c4gg,a0bb
c4g0,a0b0
c4g1,a0b0
c4g3,a0b0
c4g4,a0b0
c40a,a00b
c40b,a00c
c40c,a00a
c40g,a00b
c400,a000
c401,a000
c403,a000
c404,a000
c41a,a00b
c41b,a00c
c41c,a00a
c41g,a00b
c410,a000
c411,a000
c413,a000
c414,a000
c43a,a00b
c43b,a00c
c43c,a00a
c43g,a00b
c430,a000
c431,a000
c433,a000
c434,a000
c44a,a00b
c44b,a00c
c44c,a00a
c44g,a00b
c440,a000
c441,a000
c443,a000
c444,a000
gaaa,bbbb
gaab,bbbc
gaac,bbba
gaag,bbbb
gaa0,bbb0
gaa1,bbb0
gaa3,bbb0
gaa4,bbb0
gaba,bbcb
gabb,bbcc
gabc,bbca
gabg,bbcb
gab0,bbc0
gab1,bbc0
gab3,bbc0
gab4,bbc0
gaca,bbab
gacb,bbac
gacc,bbaa
gacg,bbab
gac0,bba0
gac1,bba0
gac3,bba0
gac4,bba0
gaga,bbbb
gagb,bbbc
gagc,bbba
gagg,bbbb
gag0,bbb0
gag1,bbb0
gag3,bbb0
gag4,bbb0
ga0a,bb0b
ga0b,bb0c
ga0c,bb0a
ga0g,bb0b
ga00,bb00
ga01,bb00
ga03,bb00
ga04,bb00
ga1a,bb0b
ga1b,bb0c
ga1c,bb0a
ga1g,bb0b
ga10,bb00
ga11,bb00
ga13,bb00
ga14,bb00
ga3a,bb0b
ga3b,bb0c
ga3c,bb0a
ga3g,bb0b
ga30,bb00
ga31,bb00
ga33,bb00
ga34,bb00
ga4a,bb0b
ga4b,bb0c
ga4c,bb0a
ga4g,bb0b
ga40,bb00
ga41,bb00
ga43,bb00
ga44,bb00
gbaa,bcbb
gbab,bcbc
gbac,bcba
gbag,bcbb
gba0,bcb0
gba1,bcb0
gba3,bcb0
gba4,bcb0
gbba,bccb
gbbb,bccc
gbbc,bcca
gbbg,bccb
gbb0,bcc0
gbb1,bcc0
gbb3,bcc0
gbb4,bcc0
gbca,bcab
gbcb,bcac
gbcc,bcaa
gbcg,bcab
gbc0,bca0
gbc1,bca0
gbc3,bca0
gbc4,bca0
gbga,bcbb
gbgb,bcbc
gbgc,bcba
gbgg,bcbb
gbg0,bcb0
gbg1,bcb0
gbg3,bcb0
gbg4,bcb0
gb0a,bc0b
gb0b,bc0c
gb0c,bc0a
gb0g,bc0b
gb00,bc00
gb01,bc00
gb03,bc00
gb04,bc00
gb1a,bc0b
gb1b,bc0c
gb1c,bc0a
gb1g,bc0b
gb10,bc00
gb11,bc00
gb13,bc00
gb14,bc00
gb3a,bc0b
gb3b,bc0c
gb3c,bc0a
gb3g,bc0b
gb30,bc00
gb31,bc00
gb33,bc00
gb34,bc00
gb4a,bc0b
gb4b,bc0c
gb4c,bc0a
gb4g,bc0b
gb40,bc00
gb41,bc00
gb43,bc00
gb44,bc00
gcaa,babb
gcab,babc
gcac,baba
gcag,babb
gca0,bab0
gca1,bab0
gca3,bab0
gca4,bab0
gcba,bacb
gcbb,bacc
gcbc,baca
gcbg,bacb
gcb0,bac0
gcb1,bac0
gcb3,bac0
gcb4,bac0
gcca,baab
gccb,baac
gccc,baaa
gccg,baab
gcc0,baa0
gcc1,baa0
gcc3,baa0
gcc4,baa0
gcga,babb
gcgb,babc
gcgc,baba
gcgg,babb
gcg0,bab0
gcg1,bab0
gcg3,bab0
gcg4,bab0
gc0a,ba0b
gc0b,ba0c
gc0c,ba0a
gc0g,ba0b
gc00,ba00
gc01,ba00
gc03,ba00
gc04,ba00
gc1a,ba0b
gc1b,ba0c
gc1c,ba0a
gc1g,ba0b
gc10,ba00
gc11,ba00
gc13,ba00
gc14,ba00
gc3a,ba0b
gc3b,ba0c
gc3c,ba0a
gc3g,ba0b
gc30,ba00
gc31,ba00
gc33,ba00
gc34,ba00
gc4a,ba0b
gc4b,ba0c
gc4c,ba0a
gc4g,ba0b
gc40,ba00
gc41,ba00
gc43,ba00
gc44,ba00
ggaa,bbbb
ggab,bbbc
ggac,bbba
ggag,bbbb
gga0,bbb0
gga1,bbb0
gga3,bbb0
gga4,bbb0
ggba,bbcb
ggbb,bbcc
ggbc,bbca
ggbg,bbcb
ggb0,bbc0
ggb1,bbc0
ggb3,bbc0
ggb4,bbc0
ggca,bbab
ggcb,bbac
ggcc,bbaa
ggcg,bbab
ggc0,bba0
ggc1,bba0
ggc3,bba0
ggc4,bba0
ggga,bbbb
gggb,bbbc
gggc,bbba
gggg,bbbb
ggg0,bbb0
ggg1,bbb0
ggg3,bbb0
ggg4,bbb0
gg0a,bb0b
gg0b,bb0c
gg0c,bb0a
gg0g,bb0b
gg00,bb00
gg01,bb00
gg03,bb00
gg04,bb00
gg1a,bb0b
gg1b,bb0c
gg1c,bb0a
gg1g,bb0b
gg10,bb00
gg11,bb00
gg13,bb00
gg14,bb00
gg3a,bb0b
gg3b,bb0c
gg3c,bb0a
gg3g,bb0b
gg30,bb00
gg31,bb00
gg33,bb00
gg34,bb00
gg4a,bb0b
gg4b,bb0c
gg4c,bb0a
gg4g,bb0b
gg40,bb00
gg41,bb00
gg43,bb00
gg44,bb00
g0aa,b0bb
g0ab,b0bc
g0ac,b0ba
g0ag,b0bb
g0a0,b0b0
g0a1,b0b0
g0a3,b0b0
g0a4,b0b0
g0ba,b0cb
g0bb,b0cc
g0bc,b0ca
g0bg,b0cb
g0b0,b0c0
g0b1,b0c0
g0b3,b0c0
g0b4,b0c0
g0ca,b0ab
g0cb,b0ac
g0cc,b0aa
g0cg,b0ab
g0c0,b0a0
g0c1,b0a0
g0c3,b0a0
g0c4,b0a0
g0ga,b0bb
g0gb,b0bc
g0gc,b0ba
g0gg,b0bb
g0g0,b0b0
g0g1,b0b0
g0g3,b0b0
g0g4,b0b0
g00a,b00b
g00b,b00c
g00c,b00a
g00g,b00b
g000,b000
g001,b000
g003,b000
g004,b000
g01a,b00b
g01b,b00c
g01c,b00a
g01g,b00b
g010,b000
g011,b000
g013,b000
g014,b000
g03a,b00b
g03b,b00c
g03c,b00a
g03g,b00b
g030,b000
g031,b000
g033,b000
g034,b000
g04a,b00b
g04b,b00c
g04c,b00a
g04g,b00b
g040,b000
g041,b000
g043,b000
g044,b000
g1aa,b0bb
g1ab,b0bc
g1ac,b0ba
g1ag,b0bb
g1a0,b0b0
g1a1,b0b0
g1a3,b0b0
g1a4,b0b0
g1ba,b0cb
g1bb,b0cc
g1bc,b0ca
g1bg,b0cb
g1b0,b0c0
g1b1,b0c0
g1b3,b0c0
g1b4,b0c0
g1ca,b0ab
g1cb,b0ac
g1cc,b0aa
g1cg,b0ab
g1c0,b0a0
g1c1,b0a0
g1c3,b0a0
g1c4,b0a0
g1ga,b0bb
g1gb,b0bc
g1gc,b0ba
g1gg,b0bb
g1g0,b0b0
g1g1,b0b0
g1g3,b0b0
g1g4,b0b0
g10a,b00b
g10b,b00c
g10c,b00a
g10g,b00b
g100,b000
g101,b000
g103,b000
g104,b000
g11a,b00b
g11b,b00c
g11c,b00a
g11g,b00b
g110,b000
g111,b000
g113,b000
g114,b000
g13a,b00b
g13b,b00c
g13c,b00a
g13g,b00b
g130,b000
g131,b000
g133,b000
g134,b000
g14a,b00b
g14b,b00c
g14c,b00a
g14g,b00b
g140,b000
g141,b000
g143,b000
g144,b000
g3aa,b0bb
g3ab,b0bc
g3ac,b0ba
g3ag,b0bb
g3a0,b0b0
g3a1,b0b0
g3a3,b0b0
g3a4,b0b0
g3ba,b0cb
g3bb,b0cc
g3bc,b0ca
g3bg,b0cb
g3b0,b0c0
g3b1,b0c0
g3b3,b0c0
g3b4,b0c0
g3ca,b0ab
g3cb,b0ac
g3cc,b0aa
g3cg,b0ab
g3c0,b0a0
g3c1,b0a0
g3c3,b0a0
g3c4,b0a0
g3ga,b0bb
g3gb,b0bc
g3gc,b0ba
g3gg,b0bb
g3g0,b0b0
g3g1,b0b0
g3g3,b0b0
g3g4,b0b0
g30a,b00b
g30b,b00c
g30c,b00a
g30g,b00b
g300,b000
g301,b000
g303,b000
g304,b000
g31a,b00b
g31b,b00c
g31c,b00a
g31g,b00b
g310,b000
g311,b000
g313,b000
g314,b000
g33a,b00b
g33b,b00c
g33c,b00a
g33g,b00b
g330,b000
g331,b000
g333,b000
g334,b000
g34a,b00b
g34b,b00c
g34c,b00a
g34g,b00b
g340,b000
g341,b000
g343,b000
g344,b000
g4aa,b0bb
g4ab,b0bc
g4ac,b0ba
g4ag,b0bb
g4a0,b0b0
g4a1,b0b0
g4a3,b0b0
g4a4,b0b0
g4ba,b0cb
g4bb,b0cc
g4bc,b0ca
g4bg,b0cb
g4b0,b0c0
g4b1,b0c0
g4b3,b0c0
g4b4,b0c0
g4ca,b0ab
g4cb,b0ac
g4cc,b0aa
g4cg,b0ab
g4c0,b0a0
g4c1,b0a0
g4c3,b0a0
g4c4,b0a0
g4ga,b0bb
g4gb,b0bc
g4gc,b0ba
g4gg,b0bb
g4g0,b0b0
g4g1,b0b0
g4g3,b0b0
g4g4,b0b0
g40a,b00b
g40b,b00c
g40c,b00a
g40g,b00b
g400,b000
g401,b000
g403,b000
g404,b000
g41a,b00b
g41b,b00c
g41c,b00a
g41g,b00b
g410,b000
g411,b000
g413,b000
g414,b000
g43a,b00b
g43b,b00c
g43c,b00a
g43g,b00b
g430,b000
g431,b000
g433,b000
g434,b000
g44a,b00b
g44b,b00c
g44c,b00a
g44g,b00b
g440,b000
g441,b000
g443,b000
g444,b000
0aaa,0bbb
0aab,0bbc
0aac,0bba
0aag,0bbb
0aa0,0bb0
0aa1,0bb0
0aa3,0bb0
0aa4,0bb0
0aba,0bcb
0abb,0bcc
0abc,0bca
0abg,0bcb
0ab0,0bc0
0ab1,0bc0
0ab3,0bc0
0ab4,0bc0
0aca,0bab
0acb,0bac
0acc,0baa
0acg,0bab
0ac0,0ba0
0ac1,0ba0
0ac3,0ba0
0ac4,0ba0
0aga,0bbb
0agb,0bbc
0agc,0bba
0agg,0bbb
0ag0,0bb0
0ag1,0bb0
0ag3,0bb0
0ag4,0bb0
0a0a,0b0b
0a0b,0b0c
0a0c,0b0a
0a0g,0b0b
0a00,0b00
0a01,0b00
0a03,0b00
0a04,0b00
0a1a,0b0b
0a1b,0b0c
0a1c,0b0a
0a1g,0b0b
0a10,0b00
0a11,0b00
0a13,0b00
0a14,0b00
0a3a,0b0b
0a3b,0b0c
0a3c,0b0a
0a3g,0b0b
0a30,0b00
0a31,0b00
0a33,0b00
0a34,0b00
0a4a,0b0b
0a4b,0b0c
0a4c,0b0a
0a4g,0b0b
0a40,0b00
0a41,0b00
0a43,0b00
0a44,0b00
0baa,0cbb
0bab,0cbc
0bac,0cba
0bag,0cbb
0ba0,0cb0
0ba1,0cb0
0ba3,0cb0
0ba4,0cb0
0bba,0ccb
0bbb,0ccc
0bbc,0cca
0bbg,0ccb
0bb0,0cc0
0bb1,0cc0
0bb3,0cc0
0bb4,0cc0
0bca,0cab
0bcb,0cac
0bcc,0caa
0bcg,0cab
0bc0,0ca0
0bc1,0ca0
0bc3,0ca0
0bc4,0ca0
0bga,0cbb
0bgb,0cbc
0bgc,0cba
0bgg,0cbb
0bg0,0cb0
0bg1,0cb0
0bg3,0cb0
0bg4,0cb0
0b0a,0c0b
0b0b,0c0c
0b0c,0c0a
0b0g,0c0b
0b00,0c00
0b01,0c00
0b03,0c00
0b04,0c00
0b1a,0c0b
0b1b,0c0c
0b1c,0c0a
0b1g,0c0b
0b10,0c00
0b11,0c00
0b13,0c00
0b14,0c00
0b3a,0c0b
0b3b,0c0c
0b3c,0c0a
0b3g,0c0b
0b30,0c00
0b31,0c00
0b33,0c00
0b34,0c00
0b4a,0c0b
0b4b,0c0c
0b4c,0c0a
0b4g,0c0b
0b40,0c00
0b41,0c00
0b43,0c00
0b44,0c00
0caa,0abb
0cab,0abc
0cac,0aba
0cag,0abb
0ca0,0ab0
0ca1,0ab0
0ca3,0ab0
0ca4,0ab0
0cba,0acb
0cbb,0acc
0cbc,0aca
0cbg,0acb
0cb0,0ac0
0cb1,0ac0
0cb3,0ac0
0cb4,0ac0
0cca,0aab
0ccb,0aac
0ccc,0aaa
0ccg,0aab
0cc0,0aa0
0cc1,0aa0
0cc3,0aa0
0cc4,0aa0
0cga,0abb
0cgb,0abc
0cgc,0aba
0cgg,0abb
0cg0,0ab0
0cg1,0ab0
0cg3,0ab0
0cg4,0ab0
0c0a,0a0b
0c0b,0a0c
0c0c,0a0a
0c0g,0a0b
0c00,0a00
0c01,0a00
0c03,0a00
0c04,0a00
0c1a,0a0b
0c1b,0a0c
0c1c,0a0a
0c1g,0a0b
0c10,0a00
0c11,0a00
0c13,0a00
0c14,0a00
0c3a,0a0b
0c3b,0a0c
0c3c,0a0a
0c3g,0a0b
0c30,0a00
0c31,0a00
0c33,0a00
0c34,0a00
0c4a,0a0b
0c4b,0a0c
0c4c,0a0a
0c4g,0a0b
0c40,0a00
0c41,0a00
0c43,0a00
0c44,0a00
0gaa,0bbb
0gab,0bbc
0gac,0bba
0gag,0bbb
0ga0,0bb0
0ga1,0bb0
0ga3,0bb0
0ga4,0bb0
0gba,0bcb
0gbb,0bcc
0gbc,0bca
0gbg,0bcb
0gb0,0bc0
0gb1,0bc0
0gb3,0bc0
0gb4,0bc0
0gca,0bab
0gcb,0bac
0gcc,0baa
0gcg,0bab
0gc0,0ba0
0gc1,0ba0
0gc3,0ba0
0gc4,0ba0
0gga,0bbb
0ggb,0bbc
0ggc,0bba
0ggg,0bbb
0gg0,0bb0
0gg1,0bb0
0gg3,0bb0
0gg4,0bb0
0g0a,0b0b
0g0b,0b0c
0g0c,0b0a
0g0g,0b0b
0g00,0b00
0g01,0b00
0g03,0b00
0g04,0b00
0g1a,0b0b
0g1b,0b0c
0g1c,0b0a
0g1g,0b0b
0g10,0b00
0g11,0b00
0g13,0b00
0g14,0b00
0g3a,0b0b
0g3b,0b0c
0g3c,0b0a
0g3g,0b0b
0g30,0b00
0g31,0b00
0g33,0b00
0g34,0b00
0g4a,0b0b
0g4b,0b0c
0g4c,0b0a
0g4g,0b0b
0g40,0b00
0g41,0b00
0g43,0b00
0g44,0b00
00aa,00bb
00ab,00bc
00ac,00ba
00ag,00bb
00a0,00b0
00a1,00b0
00a3,00b0
00a4,00b0
00ba,00cb
00bb,00cc
00bc,00ca
00bg,00cb
00b0,00c0
00b1,00c0
00b3,00c0
00b4,00c0
00ca,00ab
00cb,00ac
00cc,00aa
00cg,00ab
00c0,00a0
00c1,00a0
00c3,00a0
00c4,00a0
00ga,00bb
00gb,00bc
00gc,00ba
00gg,00bb
00g0,00b0
00g1,00b0
00g3,00b0
00g4,00b0
000a,000b
000b,000c
000c,000a
000g,000b
0000,0000
0001,0000
0003,0000
0004,0000
001a,000b
001b,000c
001c,000a
001g,000b
0010,0000
0011,0000
0013,0000
0014,0000
003a,000b
003b,000c
003c,000a
003g,000b
0030,0000
0031,0000
0033,0000
0034,0000
004a,000b
004b,000c
004c,000a
004g,000b
0040,0000
0041,0000
0043,0000
0044,0000
01aa,00bb
01ab,00bc
01ac,00ba
01ag,00bb
01a0,00b0
01a1,00b0
01a3,00b0
01a4,00b0
01ba,00cb
01bb,00cc
01bc,00ca
01bg,00cb
01b0,00c0
01b1,00c0
01b3,00c0
01b4,00c0
01ca,00ab
01cb,00ac
01cc,00aa
01cg,00ab
01c0,00a0
01c1,00a0
01c3,00a0
01c4,00a0
01ga,00bb
01gb,00bc
01gc,00ba
01gg,00bb
01g0,00b0
01g1,00b0
01g3,00b0
01g4,00b0
010a,000b
010b,000c
010c,000a
010g,000b
0100,0000
0101,0000
0103,0000
0104,0000
011a,000b
011b,000c
011c,000a
011g,000b
0110,0000
0111,0000
0113,0000
0114,0000
013a,000b
013b,000c
013c,000a
013g,000b
0130,0000
0131,0000
0133,0000
0134,0000
014a,000b
014b,000c
014c,000a
014g,000b
0140,0000
0141,0000
0143,0000
0144,0000
03aa,00bb
03ab,00bc
03ac,00ba
03ag,00bb
03a0,00b0
03a1,00b0
03a3,00b0
03a4,00b0
03ba,00cb
03bb,00cc
03bc,00ca
03bg,00cb
03b0,00c0
03b1,00c0
03b3,00c0
03b4,00c0
03ca,00ab
03cb,00ac
03cc,00aa
03cg,00ab
03c0,00a0
03c1,00a0
03c3,00a0
03c4,00a0
03ga,00bb
03gb,00bc
03gc,00ba
03gg,00bb
03g0,00b0
03g1,00b0
03g3,00b0
03g4,00b0
030a,000b
030b,000c
030c,000a
030g,000b
0300,0000
0301,0000
0303,0000
0304,0000
031a,000b
031b,000c
031c,000a
031g,000b
0310,0000
0311,0000
0313,0000
0314,0000
033a,000b
033b,000c
033c,000a
033g,000b
0330,0000
0331,0000
0333,0000
0334,0000
034a,000b
034b,000c
034c,000a
034g,000b
0340,0000
0341,0000
0343,0000
0344,0000
04aa,00bb
04ab,00bc
04ac,00ba
04ag,00bb
04a0,00b0
04a1,00b0
04a3,00b0
04a4,00b0
04ba,00cb
04bb,00cc
04bc,00ca
04bg,00cb
04b0,00c0
04b1,00c0
04b3,00c0
04b4,00c0
04ca,00ab
04cb,00ac
04cc,00aa
04cg,00ab
04c0,00a0
04c1,00a0
04c3,00a0
04c4,00a0
04ga,00bb
04gb,00bc
04gc,00ba
04gg,00bb
04g0,00b0
04g1,00b0
04g3,00b0
04g4,00b0
040a,000b
040b,000c
040c,000a
040g,000b
0400,0000
0401,0000
0403,0000
0404,0000
041a,000b
041b,000c
041c,000a
041g,000b
0410,0000
0411,0000
0413,0000
0414,0000
043a,000b
043b,000c
043c,000a
043g,000b
0430,0000
0431,0000
0433,0000
0434,0000
044a,000b
044b,000c
044c,000a
044g,000b
0440,0000
0441,0000
0443,0000
0444,0000
1aaa,0bbb
1aab,0bbc
1aac,0bba
1aag,0bbb
1aa0,0bb0
1aa1,0bb0
1aa3,0bb0
1aa4,0bb0
1aba,0bcb
1abb,0bcc
1abc,0bca
1abg,0bcb
1ab0,0bc0
1ab1,0bc0
1ab3,0bc0
1ab4,0bc0
1aca,0bab
1acb,0bac
1acc,0baa
1acg,0bab
1ac0,0ba0
1ac1,0ba0
1ac3,0ba0
1ac4,0ba0
1aga,0bbb
1agb,0bbc
1agc,0bba
1agg,0bbb
1ag0,0bb0
1ag1,0bb0
1ag3,0bb0
1ag4,0bb0
1a0a,0b0b
1a0b,0b0c
1a0c,0b0a
1a0g,0b0b
1a00,0b00
1a01,0b00
1a03,0b00
1a04,0b00
1a1a,0b0b
1a1b,0b0c
1a1c,0b0a
1a1g,0b0b
1a10,0b00
1a11,0b00
1a13,0b00
1a14,0b00
1a3a,0b0b
1a3b,0b0c
1a3c,0b0a
1a3g,0b0b
1a30,0b00
1a31,0b00
1a33,0b00
1a34,0b00
1a4a,0b0b
1a4b,0b0c
1a4c,0b0a
1a4g,0b0b
1a40,0b00
1a41,0b00
1a43,0b00
1a44,0b00
1baa,0cbb
1bab,0cbc
1bac,0cba
1bag,0cbb
1ba0,0cb0
1ba1,0cb0
1ba3,0cb0
1ba4,0cb0
1bba,0ccb
1bbb,0ccc
1bbc,0cca
1bbg,0ccb
1bb0,0cc0
1bb1,0cc0
1bb3,0cc0
1bb4,0cc0
1bca,0cab
1bcb,0cac
1bcc,0caa
1bcg,0cab
1bc0,0ca0
1bc1,0ca0
1bc3,0ca0
1bc4,0ca0
1bga,0cbb
1bgb,0cbc
1bgc,0cba
1bgg,0cbb
1bg0,0cb0
1bg1,0cb0
1bg3,0cb0
1bg4,0cb0
1b0a,0c0b
1b0b,0c0c
1b0c,0c0a
1b0g,0c0b
1b00,0c00
1b01,0c00
1b03,0c00
1b04,0c00
1b1a,0c0b
1b1b,0c0c
1b1c,0c0a
1b1g,0c0b
1b10,0c00
1b11,0c00
1b13,0c00
1b14,0c00
1b3a,0c0b
1b3b,0c0c
1b3c,0c0a
1b3g,0c0b
1b30,0c00
1b31,0c00
1b33,0c00
1b34,0c00
1b4a,0c0b
1b4b,0c0c
1b4c,0c0a
1b4g,0c0b
1b40,0c00
1b41,0c00
1b43,0c00
1b44,0c00
1caa,0abb
1cab,0abc
1cac,0aba
1cag,0abb
1ca0,0ab0
1ca1,0ab0
1ca3,0ab0
1ca4,0ab0
1cba,0acb
1cbb,0acc
1cbc,0aca
1cbg,0acb
1cb0,0ac0
1cb1,0ac0
1cb3,0ac0
1cb4,0ac0
1cca,0aab
1ccb,0aac
1ccc,0aaa
1ccg,0aab
1cc0,0aa0
1cc1,0aa0
1cc3,0aa0
1cc4,0aa0
1cga,0abb
1cgb,0abc
1cgc,0aba
1cgg,0abb
1cg0,0ab0
1cg1,0ab0
1cg3,0ab0
1cg4,0ab0
1c0a,0a0b
1c0b,0a0c
1c0c,0a0a
1c0g,0a0b
1c00,0a00
1c01,0a00
1c03,0a00
1c04,0a00
1c1a,0a0b
1c1b,0a0c
1c1c,0a0a
1c1g,0a0b
1c10,0a00
1c11,0a00
1c13,0a00
1c14,0a00
1c3a,0a0b
1c3b,0a0c
1c3c,0a0a
1c3g,0a0b
1c30,0a00
1c31,0a00
1c33,0a00
1c34,0a00
1c4a,0a0b
1c4b,0a0c
1c4c,0a0a
1c4g,0a0b
1c40,0a00
1c41,0a00
1c43,0a00
1c44,0a00
1gaa,0bbb
1gab,0bbc
1gac,0bba
1gag,0bbb
1ga0,0bb0
1ga1,0bb0
1ga3,0bb0
1ga4,0bb0
1gba,0bcb
1gbb,0bcc
1gbc,0bca
1gbg,0bcb
1gb0,0bc0
1gb1,0bc0
1gb3,0bc0
1gb4,0bc0
1gca,0bab
1gcb,0bac
1gcc,0baa
1gcg,0bab
1gc0,0ba0
1gc1,0ba0
1gc3,0ba0
1gc4,0ba0
1gga,0bbb
1ggb,0bbc
1ggc,0bba
1ggg,0bbb
1gg0,0bb0
1gg1,0bb0
1gg3,0bb0
1gg4,0bb0
1g0a,0b0b
1g0b,0b0c
1g0c,0b0a
1g0g,0b0b
1g00,0b00
1g01,0b00
1g03,0b00
1g04,0b00
1g1a,0b0b
1g1b,0b0c
1g1c,0b0a
1g1g,0b0b
1g10,0b00
1g11,0b00
1g13,0b00
1g14,0b00
1g3a,0b0b
1g3b,0b0c
1g3c,0b0a
1g3g,0b0b
1g30,0b00
1g31,0b00
1g33,0b00
1g34,0b00
1g4a,0b0b
1g4b,0b0c
1g4c,0b0a
1g4g,0b0b
1g40,0b00
1g41,0b00
1g43,0b00
1g44,0b00
10aa,00bb
10ab,00bc
10ac,00ba
10ag,00bb
10a0,00b0
10a1,00b0
10a3,00b0
10a4,00b0
10ba,00cb
10bb,00cc
10bc,00ca
10bg,00cb
10b0,00c0
10b1,00c0
10b3,00c0
10b4,00c0
10ca,00ab
10cb,00ac
10cc,00aa
10cg,00ab
10c0,00a0
10c1,00a0
10c3,00a0
10c4,00a0
10ga,00bb
10gb,00bc
10gc,00ba
10gg,00bb
10g0,00b0
10g1,00b0
10g3,00b0
10g4,00b0
100a,000b
100b,000c
100c,000a
100g,000b
1000,0000
1001,0000
1003,0000
1004,0000
101a,000b
101b,000c
101c,000a
101g,000b
1010,0000
1011,0000
1013,0000
1014,0000
103a,000b
103b,000c
103c,000a
103g,000b
1030,0000
1031,0000
1033,0000
1034,0000
104a,000b
104b,000c
104c,000a
104g,000b
1040,0000
1041,0000
1043,0000
1044,0000
11aa,00bb
11ab,00bc
11ac,00ba
11ag,00bb
11a0,00b0
11a1,00b0
11a3,00b0
11a4,00b0
11ba,00cb
11bb,00cc
11bc,00ca
11bg,00cb
11b0,00c0
11b1,00c0
11b3,00c0
11b4,00c0
11ca,00ab
11cb,00ac
11cc,00aa
11cg,00ab
11c0,00a0
11c1,00a0
11c3,00a0
11c4,00a0
11ga,00bb
11gb,00bc
11gc,00ba
11gg,00bb
11g0,00b0
11g1,00b0
11g3,00b0
11g4,00b0
110a,000b
110b,000c
110c,000a
110g,000b
1100,0000
1101,0000
1103,0000
1104,0000
111a,000b
111b,000c
111c,000a
111g,000b
1110,0000
1111,0000
1113,0000
1114,0000
113a,000b
113b,000c
113c,000a
113g,000b
1130,0000
1131,0000
1133,0000
1134,0000
114a,000b
114b,000c
114c,000a
114g,000b
1140,0000
1141,0000
1143,0000
1144,0000
13aa,00bb
13ab,00bc
13ac,00ba
13ag,00bb
13a0,00b0
13a1,00b0
13a3,00b0
13a4,00b0
13ba,00cb
13bb,00cc
13bc,00ca
13bg,00cb
13b0,00c0
13b1,00c0
13b3,00c0
13b4,00c0
13ca,00ab
13cb,00ac
13cc,00aa
13cg,00ab
13c0,00a0
13c1,00a0
13c3,00a0
13c4,00a0
13ga,00bb
13gb,00bc
13gc,00ba
13gg,00bb
13g0,00b0
13g1,00b0
13g3,00b0
13g4,00b0
130a,000b
130b,000c
130c,000a
130g,000b
1300,0000
1301,0000
1303,0000
1304,0000
131a,000b
131b,000c
131c,000a
131g,000b
1310,0000
1311,0000
1313,0000
1314,0000
133a,000b
133b,000c
133c,000a
133g,000b
1330,0000
1331,0000
1333,0000
1334,0000
134a,000b
134b,000c
134c,000a
134g,000b
1340,0000
1341,0000
1343,0000
1344,0000
14aa,00bb
14ab,00bc
14ac,00ba
14ag,00bb
14a0,00b0
14a1,00b0
14a3,00b0
14a4,00b0
14ba,00cb
14bb,00cc
14bc,00ca
14bg,00cb
14b0,00c0
14b1,00c0
14b3,00c0
14b4,00c0
14ca,00ab
14cb,00ac
14cc,00aa
14cg,00ab
14c0,00a0
14c1,00a0
14c3,00a0
14c4,00a0
14ga,00bb
14gb,00bc
14gc,00ba
14gg,00bb
14g0,00b0
14g1,00b0
14g3,00b0
14g4,00b0
140a,000b
140b,000c
140c,000a
140g,000b
1400,0000
1401,0000
1403,0000
1404,0000
141a,000b
141b,000c
141c,000a
141g,000b
1410,0000
1411,0000
1413,0000
1414,0000
143a,000b
143b,000c
143c,000a
143g,000b
1430,0000
1431,0000
1433,0000
1434,0000
144a,000b
144b,000c
144c,000a
144g,000b
1440,0000
1441,0000
1443,0000
1444,0000
3aaa,0bbb
3aab,0bbc
3aac,0bba
3aag,0bbb
3aa0,0bb0
3aa1,0bb0
3aa3,0bb0
3aa4,0bb0
3aba,0bcb
3abb,0bcc
3abc,0bca
3abg,0bcb
3ab0,0bc0
3ab1,0bc0
3ab3,0bc0
3ab4,0bc0
3aca,0bab
3acb,0bac
3acc,0baa
3acg,0bab
3ac0,0ba0
3ac1,0ba0
3ac3,0ba0
3ac4,0ba0
3aga,0bbb
3agb,0bbc
3agc,0bba
3agg,0bbb
3ag0,0bb0
3ag1,0bb0
3ag3,0bb0
3ag4,0bb0
3a0a,0b0b
3a0b,0b0c
3a0c,0b0a
3a0g,0b0b
3a00,0b00
3a01,0b00
3a03,0b00
3a04,0b00
3a1a,0b0b
3a1b,0b0c
3a1c,0b0a
3a1g,0b0b
3a10,0b00
3a11,0b00
3a13,0b00
3a14,0b00
3a3a,0b0b
3a3b,0b0c
3a3c,0b0a
3a3g,0b0b
3a30,0b00
3a31,0b00
3a33,0b00
3a34,0b00
3a4a,0b0b
3a4b,0b0c
3a4c,0b0a
3a4g,0b0b
3a40,0b00
3a41,0b00
3a43,0b00
3a44,0b00
3baa,0cbb
3bab,0cbc
3bac,0cba
3bag,0cbb
3ba0,0cb0
3ba1,0cb0
3ba3,0cb0
3ba4,0cb0
3bba,0ccb
3bbb,0ccc
3bbc,0cca
3bbg,0ccb
3bb0,0cc0
3bb1,0cc0
3bb3,0cc0
3bb4,0cc0
3bca,0cab
3bcb,0cac
3bcc,0caa
3bcg,0cab
3bc0,0ca0
3bc1,0ca0
3bc3,0ca0
3bc4,0ca0
3bga,0cbb
3bgb,0cbc
3bgc,0cba
3bgg,0cbb
3bg0,0cb0
3bg1,0cb0
3bg3,0cb0
3bg4,0cb0
3b0a,0c0b
3b0b,0c0c
3b0c,0c0a
3b0g,0c0b
3b00,0c00
3b01,0c00
3b03,0c00
3b04,0c00
3b1a,0c0b
3b1b,0c0c
3b1c,0c0a
3b1g,0c0b
3b10,0c00
3b11,0c00
3b13,0c00
3b14,0c00
3b3a,0c0b
3b3b,0c0c
3b3c,0c0a
3b3g,0c0b
3b30,0c00
3b31,0c00
3b33,0c00
3b34,0c00
3b4a,0c0b
3b4b,0c0c
3b4c,0c0a
3b4g,0c0b
3b40,0c00
3b41,0c00
3b43,0c00
3b44,0c00
3caa,0abb
3cab,0abc
3cac,0aba
3cag,0abb
3ca0,0ab0
3ca1,0ab0
3ca3,0ab0
3ca4,0ab0
3cba,0acb
3cbb,0acc
3cbc,0aca
3cbg,0acb
3cb0,0ac0
3cb1,0ac0
3cb3,0ac0
3cb4,0ac0
3cca,0aab
3ccb,0aac
3ccc,0aaa
3ccg,0aab
3cc0,0aa0
3cc1,0aa0
3cc3,0aa0
3cc4,0aa0
3cga,0abb
3cgb,0abc
3cgc,0aba
3cgg,0abb
3cg0,0ab0
3cg1,0ab0
3cg3,0ab0
3cg4,0ab0
3c0a,0a0b
3c0b,0a0c
3c0c,0a0a
3c0g,0a0b
3c00,0a00
3c01,0a00
3c03,0a00
3c04,0a00
3c1a,0a0b
3c1b,0a0c
3c1c,0a0a
3c1g,0a0b
3c10,0a00
3c11,0a00
3c13,0a00
3c14,0a00
3c3a,0a0b
3c3b,0a0c
3c3c,0a0a
3c3g,0a0b
3c30,0a00
3c31,0a00
3c33,0a00
3c34,0a00
3c4a,0a0b
3c4b,0a0c
3c4c,0a0a
3c4g,0a0b
3c40,0a00
3c41,0a00
3c43,0a00
3c44,0a00
3gaa,0bbb
3gab,0bbc
3gac,0bba
3gag,0bbb
3ga0,0bb0
3ga1,0bb0
3ga3,0bb0
3ga4,0bb0
3gba,0bcb
3gbb,0bcc
3gbc,0bca
3gbg,0bcb
3gb0,0bc0
3gb1,0bc0
3gb3,0bc0
3gb4,0bc0
3gca,0bab
3gcb,0bac
3gcc,0baa
3gcg,0bab
3gc0,0ba0
3gc1,0ba0
3gc3,0ba0
3gc4,0ba0
3gga,0bbb
3ggb,0bbc
3ggc,0bba
3ggg,0bbb
3gg0,0bb0
3gg1,0bb0
3gg3,0bb0
3gg4,0bb0
3g0a,0b0b
3g0b,0b0c
3g0c,0b0a
3g0g,0b0b
3g00,0b00
3g01,0b00
3g03,0b00
3g04,0b00
3g1a,0b0b
3g1b,0b0c
3g1c,0b0a
3g1g,0b0b
3g10,0b00
3g11,0b00
3g13,0b00
3g14,0b00
3g3a,0b0b
3g3b,0b0c
3g3c,0b0a
3g3g,0b0b
3g30,0b00
3g31,0b00
3g33,0b00
3g34,0b00
3g4a,0b0b
3g4b,0b0c
3g4c,0b0a
3g4g,0b0b
3g40,0b00
3g41,0b00
3g43,0b00
3g44,0b00
30aa,00bb
30ab,00bc
30ac,00ba
30ag,00bb
30a0,00b0
30a1,00b0
30a3,00b0
30a4,00b0
30ba,00cb
30bb,00cc
30bc,00ca
30bg,00cb
30b0,00c0
30b1,00c0
30b3,00c0
30b4,00c0
30ca,00ab
30cb,00ac
30cc,00aa
30cg,00ab
30c0,00a0
30c1,00a0
30c3,00a0
30c4,00a0
30ga,00bb
30gb,00bc
30gc,00ba
30gg,00bb
30g0,00b0
30g1,00b0
30g3,00b0
30g4,00b0
300a,000b
300b,000c
300c,000a
300g,000b
3000,0000
3001,0000
3003,0000
3004,0000
301a,000b
301b,000c
301c,000a
301g,000b
3010,0000
3011,0000
3013,0000
3014,0000
303a,000b
303b,000c
303c,000a
303g,000b
3030,0000
3031,0000
3033,0000
3034,0000
304a,000b
304b,000c
304c,000a
304g,000b
3040,0000
3041,0000
3043,0000
3044,0000
31aa,00bb
31ab,00bc
31ac,00ba
31ag,00bb
31a0,00b0
31a1,00b0
31a3,00b0
31a4,00b0
31ba,00cb
31bb,00cc
31bc,00ca
31bg,00cb
31b0,00c0
31b1,00c0
31b3,00c0
31b4,00c0
31ca,00ab
31cb,00ac
31cc,00aa
31cg,00ab
31c0,00a0
31c1,00a0
31c3,00a0
31c4,00a0
31ga,00bb
31gb,00bc
31gc,00ba
31gg,00bb
31g0,00b0
31g1,00b0
31g3,00b0
31g4,00b0
310a,000b
310b,000c
310c,000a
310g,000b
3100,0000
3101,0000
3103,0000
3104,0000
311a,000b
311b,000c
311c,000a
311g,000b
3110,0000
3111,0000
3113,0000
3114,0000
313a,000b
313b,000c
313c,000a
313g,000b
3130,0000
3131,0000
3133,0000
3134,0000
314a,000b
314b,000c
314c,000a
314g,000b
3140,0000
3141,0000
3143,0000
3144,0000
33aa,00bb
33ab,00bc
33ac,00ba
33ag,00bb
33a0,00b0
33a1,00b0
33a3,00b0
33a4,00b0
33ba,00cb
33bb,00cc
33bc,00ca
33bg,00cb
33b0,00c0
33b1,00c0
33b3,00c0
33b4,00c0
33ca,00ab
33cb,00ac
33cc,00aa
33cg,00ab
33c0,00a0
33c1,00a0
33c3,00a0
33c4,00a0
33ga,00bb
33gb,00bc
33gc,00ba
33gg,00bb
33g0,00b0
33g1,00b0
33g3,00b0
33g4,00b0
330a,000b
330b,000c
330c,000a
330g,000b
3300,0000
3301,0000
3303,0000
3304,0000
331a,000b
331b,000c
331c,000a
331g,000b
3310,0000
3311,0000
3313,0000
3314,0000
333a,000b
333b,000c
333c,000a
333g,000b
3330,0000
3331,0000
3333,0000
3334,0000
334a,000b
334b,000c
334c,000a
334g,000b
3340,0000
3341,0000
3343,0000
3344,0000
34aa,00bb
34ab,00bc
34ac,00ba
34ag,00bb
34a0,00b0
34a1,00b0
34a3,00b0
34a4,00b0
34ba,00cb
34bb,00cc
34bc,00ca
34bg,00cb
34b0,00c0
34b1,00c0
34b3,00c0
34b4,00c0
34ca,00ab
34cb,00ac
34cc,00aa
34cg,00ab
34c0,00a0
34c1,00a0
34c3,00a0
34c4,00a0
34ga,00bb
34gb,00bc
34gc,00ba
34gg,00bb
34g0,00b0
34g1,00b0
34g3,00b0
34g4,00b0
340a,000b
340b,000c
340c,000a
340g,000b
3400,0000
3401,0000
3403,0000
3404,0000
341a,000b
341b,000c
341c,000a
341g,000b
3410,0000
3411,0000
3413,0000
3414,0000
343a,000b
343b,000c
343c,000a
343g,000b
3430,0000
3431,0000
3433,0000
3434,0000
344a,000b
344b,000c
344c,000a
344g,000b
3440,0000
3441,0000
3443,0000
3444,0000
4aaa,0bbb
4aab,0bbc
4aac,0bba
4aag,0bbb
4aa0,0bb0
4aa1,0bb0
4aa3,0bb0
4aa4,0bb0
4aba,0bcb
4abb,0bcc
4abc,0bca
4abg,0bcb
4ab0,0bc0
4ab1,0bc0
4ab3,0bc0
4ab4,0bc0
4aca,0bab
4acb,0bac
4acc,0baa
4acg,0bab
4ac0,0ba0
4ac1,0ba0
4ac3,0ba0
4ac4,0ba0
4aga,0bbb
4agb,0bbc
4agc,0bba
4agg,0bbb
4ag0,0bb0
4ag1,0bb0
4ag3,0bb0
4ag4,0bb0
4a0a,0b0b
4a0b,0b0c
4a0c,0b0a
4a0g,0b0b
4a00,0b00
4a01,0b00
4a03,0b00
4a04,0b00
4a1a,0b0b
4a1b,0b0c
4a1c,0b0a
4a1g,0b0b
4a10,0b00
4a11,0b00
4a13,0b00
4a14,0b00
4a3a,0b0b
4a3b,0b0c
4a3c,0b0a
4a3g,0b0b
4a30,0b00
4a31,0b00
4a33,0b00
4a34,0b00
4a4a,0b0b
4a4b,0b0c
4a4c,0b0a
4a4g,0b0b
4a40,0b00
4a41,0b00
4a43,0b00
4a44,0b00
4baa,0cbb
4bab,0cbc
4bac,0cba
4bag,0cbb
4ba0,0cb0
4ba1,0cb0
4ba3,0cb0
4ba4,0cb0
4bba,0ccb
4bbb,0ccc
4bbc,0cca
4bbg,0ccb
4bb0,0cc0
4bb1,0cc0
4bb3,0cc0
4bb4,0cc0
4bca,0cab
4bcb,0cac
4bcc,0caa
4bcg,0cab
4bc0,0ca0
4bc1,0ca0
4bc3,0ca0
4bc4,0ca0
4bga,0cbb
4bgb,0cbc
4bgc,0cba
4bgg,0cbb
4bg0,0cb0
4bg1,0cb0
4bg3,0cb0
4bg4,0cb0
4b0a,0c0b
4b0b,0c0c
4b0c,0c0a
4b0g,0c0b
4b00,0c00
4b01,0c00
4b03,0c00
4b04,0c00
4b1a,0c0b
4b1b,0c0c
4b1c,0c0a
4b1g,0c0b
4b10,0c00
4b11,0c00
4b13,0c00
4b14,0c00
4b3a,0c0b
4b3b,0c0c
4b3c,0c0a
4b3g,0c0b
4b30,0c00
4b31,0c00
4b33,0c00
4b34,0c00
4b4a,0c0b
4b4b,0c0c
4b4c,0c0a
4b4g,0c0b
4b40,0c00
4b41,0c00
4b43,0c00
4b44,0c00
4caa,0abb
4cab,0abc
4cac,0aba
4cag,0abb
4ca0,0ab0
4ca1,0ab0
4ca3,0ab0
4ca4,0ab0
4cba,0acb
4cbb,0acc
4cbc,0aca
4cbg,0acb
4cb0,0ac0
4cb1,0ac0
4cb3,0ac0
4cb4,0ac0
4cca,0aab
4ccb,0aac
4ccc,0aaa
4ccg,0aab
4cc0,0aa0
4cc1,0aa0
4cc3,0aa0
4cc4,0aa0
4cga,0abb
4cgb,0abc
4cgc,0aba
4cgg,0abb
4cg0,0ab0
4cg1,0ab0
4cg3,0ab0
4cg4,0ab0
4c0a,0a0b
4c0b,0a0c
4c0c,0a0a
4c0g,0a0b
4c00,0a00
4c01,0a00
4c03,0a00
4c04,0a00
4c1a,0a0b
4c1b,0a0c
4c1c,0a0a
4c1g,0a0b
4c10,0a00
4c11,0a00
4c13,0a00
4c14,0a00
4c3a,0a0b
4c3b,0a0c
4c3c,0a0a
4c3g,0a0b
4c30,0a00
4c31,0a00
4c33,0a00
4c34,0a00
4c4a,0a0b
4c4b,0a0c
4c4c,0a0a
4c4g,0a0b
4c40,0a00
4c41,0a00
4c43,0a00
4c44,0a00
4gaa,0bbb
4gab,0bbc
4gac,0bba
4gag,0bbb
4ga0,0bb0
4ga1,0bb0
4ga3,0bb0
4ga4,0bb0
4gba,0bcb
4gbb,0bcc
4gbc,0bca
4gbg,0bcb
4gb0,0bc0
4gb1,0bc0
4gb3,0bc0
4gb4,0bc0
4gca,0bab
4gcb,0bac
4gcc,0baa
4gcg,0bab
4gc0,0ba0
4gc1,0ba0
4gc3,0ba0
4gc4,0ba0
4gga,0bbb
4ggb,0bbc
4ggc,0bba
4ggg,0bbb
4gg0,0bb0
4gg1,0bb0
4gg3,0bb0
4gg4,0bb0
4g0a,0b0b
4g0b,0b0c
4g0c,0b0a
4g0g,0b0b
4g00,0b00
4g01,0b00
4g03,0b00
4g04,0b00
4g1a,0b0b
4g1b,0b0c
4g1c,0b0a
4g1g,0b0b
4g10,0b00
4g11,0b00
4g13,0b00
4g14,0b00
4g3a,0b0b
4g3b,0b0c
4g3c,0b0a
4g3g,0b0b
4g30,0b00
4g31,0b00
4g33,0b00
4g34,0b00
4g4a,0b0b
4g4b,0b0c
4g4c,0b0a
4g4g,0b0b
4g40,0b00
4g41,0b00
4g43,0b00
4g44,0b00
40aa,00bb
40ab,00bc
40ac,00ba
40ag,00bb
40a0,00b0
40a1,00b0
40a3,00b0
40a4,00b0
40ba,00cb
40bb,00cc
40bc,00ca
40bg,00cb
40b0,00c0
40b1,00c0
40b3,00c0
40b4,00c0
40ca,00ab
40cb,00ac
40cc,00aa
40cg,00ab
40c0,00a0
40c1,00a0
40c3,00a0
40c4,00a0
40ga,00bb
40gb,00bc
40gc,00ba
40gg,00bb
40g0,00b0
40g1,00b0
40g3,00b0
40g4,00b0
400a,000b
400b,000c
400c,000a
400g,000b
4000,0000
4001,0000
4003,0000
4004,0000
401a,000b
401b,000c
401c,000a
401g,000b
4010,0000
4011,0000
4013,0000
4014,0000
403a,000b
403b,000c
403c,000a
403g,000b
4030,0000
4031,0000
4033,0000
4034,0000
404a,000b
404b,000c
404c,000a
404g,000b
4040,0000
4041,0000
4043,0000
4044,0000
41aa,00bb
41ab,00bc
41ac,00ba
41ag,00bb
41a0,00b0
41a1,00b0
41a3,00b0
41a4,00b0
41ba,00cb
41bb,00cc
41bc,00ca
41bg,00cb
41b0,00c0
41b1,00c0
41b3,00c0
41b4,00c0
41ca,00ab
41cb,00ac
41cc,00aa
41cg,00ab
41c0,00a0
41c1,00a0
41c3,00a0
41c4,00a0
41ga,00bb
41gb,00bc
41gc,00ba
41gg,00bb
41g0,00b0
41g1,00b0
41g3,00b0
41g4,00b0
410a,000b
410b,000c
410c,000a
410g,000b
4100,0000
4101,0000
4103,0000
4104,0000
411a,000b
411b,000c
411c,000a
411g,000b
4110,0000
4111,0000
4113,0000
4114,0000
413a,000b
413b,000c
413c,000a
413g,000b
4130,0000
4131,0000
4133,0000
4134,0000
414a,000b
414b,000c
414c,000a
414g,000b
4140,0000
4141,0000
4143,0000
4144,0000
43aa,00bb
43ab,00bc
43ac,00ba
43ag,00bb
43a0,00b0
43a1,00b0
43a3,00b0
43a4,00b0
43ba,00cb
43bb,00cc
43bc,00ca
43bg,00cb
43b0,00c0
43b1,00c0
43b3,00c0
43b4,00c0
43ca,00ab
43cb,00ac
43cc,00aa
43cg,00ab
43c0,00a0
43c1,00a0
43c3,00a0
43c4,00a0
43ga,00bb
43gb,00bc
43gc,00ba
43gg,00bb
43g0,00b0
43g1,00b0
43g3,00b0
43g4,00b0
430a,000b
430b,000c
430c,000a
430g,000b
4300,0000
4301,0000
4303,0000
4304,0000
431a,000b
431b,000c
431c,000a
431g,000b
4310,0000
4311,0000
4313,0000
4314,0000
433a,000b
433b,000c
433c,000a
433g,000b
4330,0000
4331,0000
4333,0000
4334,0000
434a,000b
434b,000c
434c,000a
434g,000b
4340,0000
4341,0000
4343,0000
4344,0000
44aa,00bb
44ab,00bc
44ac,00ba
44ag,00bb
44a0,00b0
44a1,00b0
44a3,00b0
44a4,00b0
44ba,00cb
44bb,00cc
44bc,00ca
44bg,00cb
44b0,00c0
44b1,00c0
44b3,00c0
44b4,00c0
44ca,00ab
44cb,00ac
44cc,00aa
44cg,00ab
44c0,00a0
44c1,00a0
44c3,00a0
44c4,00a0
44ga,00bb
44gb,00bc
44gc,00ba
44gg,00bb
44g0,00b0
44g1,00b0
44g3,00b0
44g4,00b0
440a,000b
440b,000c
440c,000a
440g,000b
4400,0000
4401,0000
4403,0000
4404,0000
441a,000b
441b,000c
441c,000a
441g,000b
4410,0000
4411,0000
4413,0000
4414,0000
443a,000b
443b,000c
443c,000a
443g,000b
4430,0000
4431,0000
4433,0000
4434,0000
444a,000b
444b,000c
444c,000a
444g,000b
4440,0000
4441,0000
4443,0000
4444,0000
